<?xml version="1.0" encoding="UTF-8"?>
<con:soapui-project id="98bcecfe-42ce-4ec0-83aa-9d8db7d63031" created="3.30.0" activeEnvironment="Default environment" name="REST Project 4" updated="3.30.0 2022-03-16T13:04:41Z" xmlns:con="http://eviware.com/soapui/config">
  <con:settings/>
  <con:interface xsi:type="con:RestService" id="17041fce-b6fe-483f-8a81-dfa713e0c07d" wadlVersion="http://wadl.dev.java.net/2009/02" name="https://api.github.com" type="rest" xmlns:xsi="http://www.w3.org/2001/XMLSchema-instance">
    <con:settings/>
    <con:definitionCache type="TEXT" rootPart=""/>
    <con:endpoints>
      <con:endpoint>https://api.github.com</con:endpoint>
    </con:endpoints>
    <con:resource name="Emails" path="/user/emails" id="0313c50e-372f-4a51-b16e-5d11c060ddb3">
      <con:settings/>
      <con:parameters/>
      <con:method name="Emails" id="67398432-1afe-4e26-86bd-8b89119bebb1" method="GET">
        <con:settings/>
        <con:parameters/>
        <con:representation type="RESPONSE">
          <con:mediaType>application/json; charset=utf-8</con:mediaType>
          <con:status>200</con:status>
          <con:params/>
          <con:element>Response</con:element>
        </con:representation>
        <con:request name="Request 1" id="2748d4bd-ada4-4d07-a5b0-404d9a7de105" mediaType="application/json">
          <con:settings/>
          <con:endpoint>https://api.github.com</con:endpoint>
          <con:parameters/>
        </con:request>
      </con:method>
    </con:resource>
    <con:resource name="keys" path="/user/keys" id="eb0aa1c8-f1c1-45a2-bff3-50fdd2e6e8e8">
      <con:settings/>
      <con:parameters/>
      <con:resource name="{keyID}" path="{keyID}" id="94fc7af0-9e65-4c50-9bc1-6a745bbdc7ea">
        <con:settings/>
        <con:parameters>
          <con:parameter required="true">
            <con:name>keyID</con:name>
            <con:value>keyID</con:value>
            <con:style>TEMPLATE</con:style>
            <con:default>keyID</con:default>
          </con:parameter>
        </con:parameters>
        <con:method name="Method 1" id="20001d68-fff0-4b13-b1ac-9d6d38604499" method="DELETE">
          <con:settings/>
          <con:parameters/>
          <con:representation type="RESPONSE">
            <con:mediaType xsi:nil="true"/>
            <con:status>204</con:status>
            <con:params/>
            <con:element>data</con:element>
          </con:representation>
          <con:representation type="REQUEST">
            <con:mediaType>application/json</con:mediaType>
            <con:params/>
          </con:representation>
          <con:request name="Request 1" id="0549c3e6-90ab-404c-8cf0-a765220ace15" mediaType="application/json" postQueryString="false">
            <con:settings/>
            <con:endpoint>https://api.github.com</con:endpoint>
            <con:request/>
            <con:credentials>
              <con:authType>No Authorization</con:authType>
            </con:credentials>
            <con:jmsConfig JMSDeliveryMode="PERSISTENT"/>
            <con:parameters>
              <con:entry key="keyID" value="0"/>
            </con:parameters>
          </con:request>
        </con:method>
      </con:resource>
      <con:method name="Method 1" id="ce6c852a-4503-4e82-8f0c-120e46f7ef5f" method="POST">
        <con:settings/>
        <con:parameters/>
        <con:representation type="REQUEST">
          <con:mediaType>application/json</con:mediaType>
          <con:params/>
        </con:representation>
        <con:representation type="FAULT">
          <con:mediaType>application/json; charset=utf-8</con:mediaType>
          <con:status>400 404 422</con:status>
          <con:params/>
          <con:element xmlns:keys="https://api.github.com/user/keys">keys:Fault</con:element>
        </con:representation>
        <con:representation type="RESPONSE">
          <con:mediaType>application/json; charset=utf-8</con:mediaType>
          <con:status>201</con:status>
          <con:params/>
          <con:element xmlns:keys="https://api.github.com/user/keys">keys:Response</con:element>
        </con:representation>
        <con:request name="Request 1" id="a2107380-55eb-46f9-8bcf-72f4c89b504e" mediaType="application/json" postQueryString="false">
          <con:settings>
            <con:setting id="com.eviware.soapui.impl.wsdl.WsdlRequest@request-headers">&lt;xml-fragment/></con:setting>
          </con:settings>
          <con:endpoint>https://api.github.com</con:endpoint>
          <con:request>{
"title": "TestKey1",
"key": "ssh-ed25519 AAAAC3NzaC1lZDI1NTE5AAAAIKcssqNmc8GaAUS8RJ+7vG114hZuGAEmVW5mM9nH2+z2 gmx\\002om0744@WIN-DC4E8KJEBAU"
}</con:request>
          <con:originalUri>https://api.github.com/user/keys</con:originalUri>
          <con:credentials>
            <con:selectedAuthProfile>ProjectAuthentication</con:selectedAuthProfile>
            <con:authType>No Authorization</con:authType>
          </con:credentials>
          <con:jmsConfig JMSDeliveryMode="PERSISTENT"/>
          <con:parameters/>
        </con:request>
      </con:method>
    </con:resource>
  </con:interface>
  <con:testSuite id="29376233-6112-469d-bffb-6f1be1f94c2a" name="https://api.github.com Test Suite">
    <con:settings/>
    <con:runType>SEQUENTIAL</con:runType>
    <con:testCase id="34b69cb7-95eb-4576-b3b5-ca3376e34f00" discardOkResults="false" failOnError="true" failTestCaseOnErrors="true" keepSession="false" name="https://api.github.com Test Case 1" searchProperties="true" timeout="0">
      <con:settings/>
      <con:testStep type="restrequest" name="Request 1" id="e58df65d-fafd-406b-bf13-cdaa619a7073">
        <con:settings/>
        <con:config service="https://api.github.com" resourcePath="/user/emails" methodName="Emails" xsi:type="con:RestRequestStep" xmlns:xsi="http://www.w3.org/2001/XMLSchema-instance">
          <con:restRequest name="Request 1" id="2748d4bd-ada4-4d07-a5b0-404d9a7de105" mediaType="application/json">
            <con:settings>
              <con:setting id="com.eviware.soapui.impl.wsdl.WsdlRequest@request-headers">&lt;xml-fragment/></con:setting>
            </con:settings>
            <con:endpoint>https://api.github.com</con:endpoint>
            <con:request/>
            <con:originalUri>https://api.github.com/user/emails</con:originalUri>
            <con:credentials>
              <con:selectedAuthProfile>ProjectAuthentication</con:selectedAuthProfile>
              <con:authType>No Authorization</con:authType>
            </con:credentials>
            <con:jmsConfig JMSDeliveryMode="PERSISTENT"/>
            <con:parameters/>
          </con:restRequest>
        </con:config>
      </con:testStep>
      <con:testStep type="restrequest" name="REST Request" id="f1133aeb-61ec-4012-b421-e869a891390b">
        <con:settings/>
        <con:config service="https://api.github.com" resourcePath="/user/keys" methodName="Method 1" xsi:type="con:RestRequestStep" xmlns:xsi="http://www.w3.org/2001/XMLSchema-instance">
          <con:restRequest name="REST Request" id="a2107380-55eb-46f9-8bcf-72f4c89b504e" mediaType="application/json" postQueryString="false">
            <con:settings>
              <con:setting id="com.eviware.soapui.impl.wsdl.WsdlRequest@request-headers">&lt;xml-fragment/></con:setting>
            </con:settings>
            <con:endpoint>https://api.github.com</con:endpoint>
            <con:request>{
"title": "TestKey1",
"key": "ssh-ed25519 AAAAC3NzaC1lZDI1NTE5AAAAIKcssqNmc8GaAUS8RJ+7vG114hZuGAEmVW5mM9nH2+z2 gmx\\002om0744@WIN-DC4E8KJEBAU"
}</con:request>
            <con:originalUri>https://api.github.com/user/keys</con:originalUri>
            <con:assertion type="Valid HTTP Status Codes" id="db34475f-c277-4cb5-9f9b-77c18c592e81" name="Valid HTTP Status Codes">
              <con:settings/>
              <con:configuration>
                <codes>201</codes>
              </con:configuration>
            </con:assertion>
            <con:credentials>
              <con:selectedAuthProfile>ProjectAuthentication</con:selectedAuthProfile>
              <con:authType>No Authorization</con:authType>
            </con:credentials>
            <con:jmsConfig JMSDeliveryMode="PERSISTENT"/>
            <con:parameters/>
          </con:restRequest>
        </con:config>
      </con:testStep>
      <con:testStep type="restrequest" name="REST Request 2" id="313a613b-6fb0-444f-a70d-5ec5c4b9b4da">
        <con:settings/>
        <con:config service="https://api.github.com" resourcePath="/user/keys/{keyID}" methodName="Method 1" xsi:type="con:RestRequestStep" xmlns:xsi="http://www.w3.org/2001/XMLSchema-instance">
          <con:restRequest name="REST Request 2" id="0549c3e6-90ab-404c-8cf0-a765220ace15" mediaType="application/json" postQueryString="false">
            <con:settings>
              <con:setting id="com.eviware.soapui.impl.wsdl.WsdlRequest@request-headers">&lt;xml-fragment/></con:setting>
            </con:settings>
            <con:endpoint>https://api.github.com</con:endpoint>
            <con:request/>
            <con:originalUri>https://api.github.com/user/keys/64695674</con:originalUri>
            <con:credentials>
              <con:selectedAuthProfile>ProjectAuthentication</con:selectedAuthProfile>
              <con:authType>No Authorization</con:authType>
            </con:credentials>
            <con:jmsConfig JMSDeliveryMode="PERSISTENT"/>
            <con:parameters>
              <con:entry key="keyID" value="${REST Request#Response#$['id']}"/>
            </con:parameters>
          </con:restRequest>
        </con:config>
      </con:testStep>
      <con:properties/>
      <con:reportParameters/>
    </con:testCase>
    <con:properties/>
    <con:reportParameters/>
  </con:testSuite>
  <con:properties/>
  <con:wssContainer/>
  <con:databaseConnectionContainer/>
  <con:jmsConnectionContainer/>
  <con:oAuth2ProfileContainer>
    <con:oAuth2Profile>
      <con:name>ProjectAuthentication</con:name>
      <con:type>OAuth 2.0</con:type>
      <con:accessToken>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</con:accessToken>
      <con:accessTokenPosition>HEADER</con:accessTokenPosition>
      <con:accessTokenStatus>ENTERED_MANUALLY</con:accessTokenStatus>
      <con:accessTokenStartingStatus>ENTERED_MANUALLY</con:accessTokenStartingStatus>
      <con:oAuth2Flow>AUTHORIZATION_CODE_GRANT</con:oAuth2Flow>
      <con:refreshAccessTokenMethod>AUTOMATIC</con:refreshAccessTokenMethod>
      <con:jwtConfiguration/>
      <con:responseType>id_token</con:responseType>
    </con:oAuth2Profile>
  </con:oAuth2ProfileContainer>
  <con:oAuth1ProfileContainer/>
  <con:reporting>
    <con:reportTemplates/>
    <con:xmlTemplates/>
    <con:xmlTemplates/>
    <con:parameters/>
    <con:parameters/>
  </con:reporting>
  <con:reporting/>
  <con:eventHandlers type="RequestFilter.filterRequest" name="RequestFilter.filterRequest">
    <con:script>// Sample event script to add custom HTTP header to all outgoing REST, SOAP and HTTP(S) calls
// This code is often used for adding custom authentication to ReadyAPI functional tests

// If hardcoding the token, uncomment and change line 5
// token = '4567'

// If your token is parameterized in Project level custom property, uncomment line 8
// token = request.parent.testCase.testSuite.project.getProperty('auth_token').getValue()

// To modify all outgoing calls, remove comments from lines 11 to 16
// headers = request.requestHeaders
// if (headers.containsKey('auth_token2') == false) {
//   headers.put('auth_token2', token)
//   request.requestHeaders = headers
// }</con:script>
  </con:eventHandlers>
  <con:eventHandlers type="TestRunListener.afterStep" name="TestRunListener.afterStep">
    <con:script>// Save all test step results into files
// Change the directory path in line 5 to a location where you want to store details
// then uncomment lines 5 to 10

// filePath = 'C:\\tempOutputDirectory\\'
// fos = new java.io.FileOutputStream(filePath + testStepResult.testStep.label + '.txt', true)
// pw = new java.io.PrintWriter(fos)
// testStepResult.writeTo(pw)
// pw.close()
// fos.close()</con:script>
  </con:eventHandlers>
  <con:authRepository>
    <con:oAuth20AuthEntry>
      <con:name>ProjectAuthentication</con:name>
      <con:type>OAuth 2.0</con:type>
      <con:accessToken>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</con:accessToken>
      <con:accessTokenPosition>HEADER</con:accessTokenPosition>
      <con:accessTokenStatus>ENTERED_MANUALLY</con:accessTokenStatus>
      <con:accessTokenStartingStatus>ENTERED_MANUALLY</con:accessTokenStartingStatus>
      <con:oAuth2Flow>AUTHORIZATION_CODE_GRANT</con:oAuth2Flow>
      <con:refreshAccessTokenMethod>AUTOMATIC</con:refreshAccessTokenMethod>
      <con:jwtConfiguration/>
      <con:responseType>id_token</con:responseType>
    </con:oAuth20AuthEntry>
  </con:authRepository>
  <con:tags/>
</con:soapui-project>
